{
  "IMG_SIZE": [
    256,
    256
  ],
  "BATCH_SIZE": 8,
  "LR": 0.001,
  "SEEDS": [
    42,
    1337,
    2026,
    7,
    99
  ],
  "PRETRAIN_SOBEL_EPOCHS": 2,
  "FINETUNE_BOUNDARY_EPOCHS": 8,
  "FINETUNE_UNET_EPOCHS": 8,
  "MAX_SLICES_PER_VOLUME": 6,
  "TRAIN_FRAC": 0.7,
  "VAL_FRAC": 0.15,
  "THRESHOLDS": [
    0.05,
    0.1,
    0.15,
    0.2,
    0.25,
    0.3,
    0.35,
    0.4,
    0.45,
    0.5,
    0.55,
    0.6,
    0.65,
    0.7,
    0.75,
    0.8,
    0.85,
    0.9
  ],
  "TOL_PX_LIST": [
    1,
    2,
    3,
    5
  ],
  "SKIP_EMPTY_MASK_SLICES": true,
  "BOUNDARY_THICKNESS": 2,
  "RUN_SMALL_CNN_BASELINE": true,
  "RUN_SOBELFRONT_CNN": true,
  "RUN_TINY_UNET_SEG_BASE": true,
  "BRATS_ZIP_PATH": "/content/drive/MyDrive/Brats Dataset.zip"
}